Aircraft,Total.Aircraft.Records,Aircraft.Accidents,Total.Fatal.Injuries,Total.Serious.Injuries,Total.Minor.Injuries,Total.Uninjured,Make,Model,Mean.Fatalities.per.Accident,Accident.Severity
CESSNA 152,2284,2270,359.0,359.0,412.0,2308.0,CESSNA,152,0.1581497797356828,Low
CESSNA 172,1581,1577,265.0,265.0,349.0,2112.0,CESSNA,172,0.16804058338617628,Low
CESSNA 172N,1094,1092,378.0,378.0,313.0,1297.0,CESSNA,172N,0.34615384615384615,Low
PIPER PA-28-140,906,903,311.0,311.0,395.0,824.0,PIPER,PA-28-140,0.3444075304540421,Low
CESSNA 150,767,760,97.0,97.0,190.0,727.0,CESSNA,150,0.12763157894736843,Low
CESSNA 172M,749,745,208.0,208.0,237.0,1040.0,CESSNA,172M,0.2791946308724832,Low
CESSNA 172P,635,632,199.0,199.0,192.0,761.0,CESSNA,172P,0.314873417721519,Low
CESSNA 180,572,572,93.0,93.0,62.0,919.0,CESSNA,180,0.16258741258741258,Low
CESSNA 150M,562,560,99.0,99.0,139.0,551.0,CESSNA,150M,0.1767857142857143,Low
PIPER PA-28-180,558,557,255.0,255.0,174.0,592.0,PIPER,PA-28-180,0.4578096947935368,Low
PIPER PA-28-161,551,547,208.0,208.0,155.0,668.0,PIPER,PA-28-161,0.3802559414990859,Low
CESSNA 182,505,502,124.0,124.0,130.0,670.0,CESSNA,182,0.24701195219123506,Low
PIPER PA-18,502,502,80.0,80.0,93.0,546.0,PIPER,PA-18,0.1593625498007968,Low
PIPER PA-28-181,499,498,362.0,362.0,176.0,605.0,PIPER,PA-28-181,0.7269076305220884,Low
PIPER PA-18-150,466,466,78.0,78.0,57.0,505.0,PIPER,PA-18-150,0.16738197424892703,Low
PIPER PA-38-112,457,453,94.0,94.0,73.0,486.0,PIPER,PA-38-112,0.20750551876379691,Low
CESSNA 150L,440,438,117.0,117.0,113.0,350.0,CESSNA,150L,0.2671232876712329,Low
BEECH A36,392,389,306.0,306.0,108.0,440.0,BEECH,A36,0.7866323907455013,Low
CESSNA 140,389,389,42.0,42.0,73.0,407.0,CESSNA,140,0.10796915167095116,Low
CESSNA 170B,382,382,58.0,58.0,62.0,560.0,CESSNA,170B,0.1518324607329843,Low
CESSNA 172S,355,348,73.0,73.0,37.0,408.0,CESSNA,172S,0.20977011494252873,Low
PIPER PA-24-250,341,338,166.0,166.0,98.0,357.0,PIPER,PA-24-250,0.4911242603550296,Low
CESSNA 182P,326,322,123.0,123.0,125.0,346.0,CESSNA,182P,0.38198757763975155,Low
PIPER PA-28R-200,316,312,177.0,177.0,77.0,380.0,PIPER,PA-28R-200,0.5673076923076923,Low
PIPER PA-12,285,284,63.0,63.0,59.0,327.0,PIPER,PA-12,0.22183098591549297,Low
CESSNA 177,279,279,77.0,77.0,107.0,335.0,CESSNA,177,0.27598566308243727,Low
PIPER PA-22-150,277,277,56.0,56.0,74.0,328.0,PIPER,PA-22-150,0.20216606498194944,Low
MOONEY M20J,268,262,145.0,145.0,74.0,263.0,MOONEY,M20J,0.5534351145038168,Low
AERONCA 7AC,266,265,48.0,48.0,82.0,229.0,AERONCA,7AC,0.1811320754716981,Low
PIPER PA-32-300,260,258,166.0,166.0,85.0,369.0,PIPER,PA-32-300,0.6434108527131783,Low
CESSNA 150F,252,251,56.0,56.0,65.0,196.0,CESSNA,150F,0.22310756972111553,Low
PIPER PA28,241,239,76.0,76.0,46.0,249.0,PIPER,PA28,0.3179916317991632,Low
CESSNA 182Q,238,238,114.0,114.0,50.0,311.0,CESSNA,182Q,0.4789915966386555,Low
CESSNA 150H,236,235,44.0,44.0,68.0,184.0,CESSNA,150H,0.18723404255319148,Low
CESSNA 150G,232,232,45.0,45.0,69.0,189.0,CESSNA,150G,0.1939655172413793,Low
CESSNA A185F,226,226,61.0,61.0,42.0,329.0,CESSNA,A185F,0.26991150442477874,Low
PIPER PA-23-250,222,219,170.0,170.0,71.0,268.0,PIPER,PA-23-250,0.776255707762557,Low
CESSNA 177RG,217,213,92.0,92.0,67.0,251.0,CESSNA,177RG,0.431924882629108,Low
CESSNA 172RG,214,208,70.0,70.0,38.0,307.0,CESSNA,172RG,0.33653846153846156,Low
CESSNA 210,212,212,48.0,48.0,60.0,301.0,CESSNA,210,0.22641509433962265,Low
CESSNA 150J,209,209,45.0,45.0,64.0,188.0,CESSNA,150J,0.215311004784689,Low
CESSNA 172K,209,209,64.0,64.0,64.0,254.0,CESSNA,172K,0.3062200956937799,Low
PIPER J3C-65,208,206,43.0,43.0,44.0,182.0,PIPER,J3C-65,0.2087378640776699,Low
LUSCOMBE 8A,205,205,34.0,34.0,47.0,189.0,LUSCOMBE,8A,0.16585365853658537,Low
MOONEY M20C,203,198,85.0,85.0,71.0,229.0,MOONEY,M20C,0.4292929292929293,Low
CESSNA T210N,201,200,107.0,107.0,81.0,280.0,CESSNA,T210N,0.535,Low
PIPER PA-30,199,198,106.0,106.0,34.0,299.0,PIPER,PA-30,0.5353535353535354,Low
PIPER PA-22,192,192,26.0,26.0,57.0,249.0,PIPER,PA-22,0.13541666666666666,Low
PIPER PA-32-260,191,191,139.0,139.0,67.0,275.0,PIPER,PA-32-260,0.7277486910994765,Low
CESSNA 185,189,187,25.0,25.0,36.0,387.0,CESSNA,185,0.13368983957219252,Low
BEECH C23,186,184,72.0,72.0,44.0,242.0,BEECH,C23,0.391304347826087,Low
PIPER PA-28-235,171,171,85.0,85.0,50.0,184.0,PIPER,PA-28-235,0.49707602339181284,Low
PIPER PA-28-151,169,169,54.0,54.0,37.0,212.0,PIPER,PA-28-151,0.31952662721893493,Low
ROBINSON R22,167,167,31.0,31.0,33.0,188.0,ROBINSON,R22,0.18562874251497005,Low
CESSNA 172H,165,164,41.0,41.0,64.0,193.0,CESSNA,172H,0.25,Low
CESSNA P210N,165,163,96.0,96.0,68.0,127.0,CESSNA,P210N,0.588957055214724,Low
CESSNA 172R,161,160,25.0,25.0,14.0,182.0,CESSNA,172R,0.15625,Low
CESSNA T210M,160,158,86.0,86.0,57.0,200.0,CESSNA,T210M,0.5443037974683544,Low
BELL 206B,159,159,69.0,69.0,50.0,231.0,BELL,206B,0.4339622641509434,Low
BELLANCA 7GCBC,159,159,41.0,41.0,34.0,166.0,BELLANCA,7GCBC,0.2578616352201258,Low
PIPER PA-34-200T,159,155,100.0,100.0,40.0,281.0,PIPER,PA-34-200T,0.6451612903225806,Low
CESSNA 170,157,157,21.0,21.0,40.0,219.0,CESSNA,170,0.1337579617834395,Low
MOONEY M20F,155,150,91.0,91.0,45.0,149.0,MOONEY,M20F,0.6066666666666667,Low
CESSNA 120,155,155,17.0,17.0,26.0,157.0,CESSNA,120,0.10967741935483871,Low
BEECH 58,152,147,140.0,140.0,15.0,212.0,BEECH,58,0.9523809523809523,Low
CESSNA 177B,150,150,67.0,67.0,42.0,181.0,CESSNA,177B,0.44666666666666666,Low
BEECH V35B,149,149,104.0,104.0,29.0,157.0,BEECH,V35B,0.697986577181208,Low
CESSNA 175,149,149,30.0,30.0,49.0,178.0,CESSNA,175,0.20134228187919462,Low
CESSNA 172L,147,146,43.0,43.0,36.0,191.0,CESSNA,172L,0.2945205479452055,Low
PIPER PA-28,145,145,31.0,31.0,60.0,169.0,PIPER,PA-28,0.21379310344827587,Low
CESSNA T210L,145,143,80.0,80.0,74.0,140.0,CESSNA,T210L,0.5594405594405595,Low
MOONEY M20E,143,141,69.0,69.0,48.0,123.0,MOONEY,M20E,0.48936170212765956,Low
CESSNA 182A,140,140,24.0,24.0,54.0,179.0,CESSNA,182A,0.17142857142857143,Low
BEECH 35,138,138,45.0,45.0,36.0,146.0,BEECH,35,0.32608695652173914,Low
PIPER PA-32R-300,138,135,114.0,114.0,55.0,180.0,PIPER,PA-32R-300,0.8444444444444444,Low
CESSNA 170A,133,132,30.0,30.0,30.0,159.0,CESSNA,170A,0.22727272727272727,Low
CIRRUS DESIGN CORP SR22,132,127,80.0,80.0,25.0,123.0,CIRRUS DESIGN CORP,SR22,0.6299212598425197,Low
CHAMPION 7ECA,131,131,28.0,28.0,39.0,112.0,CHAMPION,7ECA,0.21374045801526717,Low
PIPER PA-20,129,129,13.0,13.0,17.0,194.0,PIPER,PA-20,0.10077519379844961,Low
BELLANCA 17-30A,127,127,58.0,58.0,43.0,95.0,BELLANCA,17-30A,0.4566929133858268,Low
MOONEY M20K,127,126,84.0,84.0,38.0,117.0,MOONEY,M20K,0.6666666666666666,Low
CESSNA 172G,125,125,28.0,28.0,40.0,150.0,CESSNA,172G,0.224,Low
ROBINSON R22 BETA,124,123,24.0,24.0,39.0,150.0,ROBINSON,R22 BETA,0.1951219512195122,Low
HUGHES 269C,122,122,20.0,20.0,37.0,149.0,HUGHES,269C,0.16393442622950818,Low
CESSNA 172F,118,117,21.0,21.0,33.0,122.0,CESSNA,172F,0.1794871794871795,Low
TAYLORCRAFT BC12-D,116,116,25.0,25.0,40.0,86.0,TAYLORCRAFT,BC12-D,0.21551724137931033,Low
PIPER PA-24-260,116,116,79.0,79.0,25.0,155.0,PIPER,PA-24-260,0.6810344827586207,Low
CESSNA 206,115,115,34.0,34.0,40.0,257.0,CESSNA,206,0.2956521739130435,Low
BELLANCA 7ECA,115,115,22.0,22.0,22.0,118.0,BELLANCA,7ECA,0.19130434782608696,Low
BELLANCA 8KCAB,113,111,49.0,49.0,23.0,77.0,BELLANCA,8KCAB,0.44144144144144143,Low
CESSNA R182,109,108,48.0,48.0,14.0,151.0,CESSNA,R182,0.4444444444444444,Low
PIPER PA-28R-180,109,109,78.0,78.0,30.0,120.0,PIPER,PA-28R-180,0.7155963302752294,Low
ROBINSON R-22,108,108,21.0,21.0,32.0,123.0,ROBINSON,R-22,0.19444444444444445,Low
SCHWEIZER 269C,106,106,17.0,17.0,19.0,123.0,SCHWEIZER,269C,0.16037735849056603,Low
BEECH F33A,106,105,60.0,60.0,17.0,110.0,BEECH,F33A,0.5714285714285714,Low
CESSNA TR182,104,103,56.0,56.0,17.0,133.0,CESSNA,TR182,0.5436893203883495,Low
CESSNA 421C,104,102,124.0,124.0,36.0,242.0,CESSNA,421C,1.2156862745098038,Medium
BEECH 95-B55,104,101,100.0,100.0,15.0,98.0,BEECH,95-B55,0.9900990099009901,Low
CESSNA 210L,104,101,46.0,46.0,37.0,142.0,CESSNA,210L,0.45544554455445546,Low
CESSNA 150K,102,102,15.0,15.0,29.0,94.0,CESSNA,150K,0.14705882352941177,Low
PIPER PA-34-200,100,98,49.0,49.0,18.0,187.0,PIPER,PA-34-200,0.5,Low
ROBINSON R44,99,99,76.0,76.0,29.0,87.0,ROBINSON,R44,0.7676767676767676,Low
PIPER PA-44-180,98,91,46.0,46.0,3.0,315.0,PIPER,PA-44-180,0.5054945054945055,Low
STINSON 108-3,97,96,19.0,19.0,38.0,100.0,STINSON,108-3,0.19791666666666666,Low
STINSON 108,96,96,13.0,13.0,30.0,91.0,STINSON,108,0.13541666666666666,Low
CESSNA 172E,95,94,20.0,20.0,47.0,110.0,CESSNA,172E,0.2127659574468085,Low
PIPER PA-24-180,95,94,74.0,74.0,16.0,122.0,PIPER,PA-24-180,0.7872340425531915,Low
ROBINSON HELICOPTER R22 BETA,95,95,12.0,12.0,13.0,96.0,ROBINSON HELICOPTER,R22 BETA,0.12631578947368421,Low
CESSNA 195,95,95,22.0,22.0,12.0,136.0,CESSNA,195,0.23157894736842105,Low
BEECH 23,94,93,29.0,29.0,27.0,113.0,BEECH,23,0.3118279569892473,Low
ROBINSON HELICOPTER COMPANY R44 II,93,92,21.0,21.0,16.0,123.0,ROBINSON HELICOPTER COMPANY,R44 II,0.22826086956521738,Low
PIPER PA-22-160,92,92,9.0,9.0,23.0,117.0,PIPER,PA-22-160,0.09782608695652174,Low
PIPER PA-22-108,92,92,14.0,14.0,13.0,92.0,PIPER,PA-22-108,0.15217391304347827,Low
CESSNA 340A,91,91,96.0,96.0,16.0,83.0,CESSNA,340A,1.054945054945055,Medium
CESSNA R172K,90,90,42.0,42.0,32.0,104.0,CESSNA,R172K,0.4666666666666667,Low
BOEING A75N1,89,88,4.0,4.0,15.0,126.0,BOEING,A75N1,0.045454545454545456,Low
CESSNA 180H,89,89,11.0,11.0,20.0,131.0,CESSNA,180H,0.12359550561797752,Low
STINSON 108-1,85,84,10.0,10.0,18.0,124.0,STINSON,108-1,0.11904761904761904,Low
PIPER PA-28R-201T,83,82,38.0,38.0,17.0,109.0,PIPER,PA-28R-201T,0.4634146341463415,Low
STINSON 108-2,82,82,21.0,21.0,19.0,93.0,STINSON,108-2,0.25609756097560976,Low
PIPER PA-46-310P,81,77,68.0,68.0,21.0,97.0,PIPER,PA-46-310P,0.8831168831168831,Low
PIPER PA-32R-301T,80,79,75.0,75.0,16.0,96.0,PIPER,PA-32R-301T,0.9493670886075949,Low
AERONCA 11AC,79,77,18.0,18.0,15.0,76.0,AERONCA,11AC,0.23376623376623376,Low
PIPER PA18,79,79,7.0,7.0,6.0,83.0,PIPER,PA18,0.08860759493670886,Low
LUSCOMBE 8E,78,78,12.0,12.0,19.0,75.0,LUSCOMBE,8E,0.15384615384615385,Low
PIPER PA-28R-201,78,78,26.0,26.0,24.0,111.0,PIPER,PA-28R-201,0.3333333333333333,Low
CESSNA 172D,78,78,20.0,20.0,20.0,94.0,CESSNA,172D,0.2564102564102564,Low
CESSNA 421B,77,74,74.0,74.0,11.0,267.0,CESSNA,421B,1.0,Medium
PIPER PA-22-135,77,77,16.0,16.0,22.0,74.0,PIPER,PA-22-135,0.2077922077922078,Low
CIRRUS SR22,76,74,35.0,35.0,8.0,82.0,CIRRUS,SR22,0.47297297297297297,Low
BELLANCA 8GCBC,76,76,15.0,15.0,13.0,82.0,BELLANCA,8GCBC,0.19736842105263158,Low
BEECH V35,76,73,79.0,79.0,18.0,57.0,BEECH,V35,1.082191780821918,Medium
CESSNA 182J,75,75,22.0,22.0,18.0,102.0,CESSNA,182J,0.29333333333333333,Low
CESSNA 182G,75,75,26.0,26.0,21.0,86.0,CESSNA,182G,0.3466666666666667,Low
CESSNA 180J,75,74,13.0,13.0,8.0,106.0,CESSNA,180J,0.17567567567567569,Low
CESSNA 414,74,72,67.0,67.0,26.0,89.0,CESSNA,414,0.9305555555555556,Low
HUGHES 269A,74,73,8.0,8.0,18.0,85.0,HUGHES,269A,0.1095890410958904,Low
BEECH A36TC,73,71,79.0,79.0,22.0,60.0,BEECH,A36TC,1.1126760563380282,Medium
CESSNA 180K,73,73,12.0,12.0,13.0,102.0,CESSNA,180K,0.1643835616438356,Low
PIPER PA-32RT-300T,73,71,39.0,39.0,21.0,64.0,PIPER,PA-32RT-300T,0.5492957746478874,Low
CESSNA 182L,72,72,27.0,27.0,21.0,84.0,CESSNA,182L,0.375,Low
ERCOUPE (ENG & RESEARCH CORP.) 415-C,72,72,16.0,16.0,23.0,62.0,ERCOUPE (ENG & RESEARCH CORP.),415-C,0.2222222222222222,Low
CESSNA 310,72,71,39.0,39.0,16.0,108.0,CESSNA,310,0.5492957746478874,Low
CESSNA 182R,71,71,48.0,48.0,14.0,74.0,CESSNA,182R,0.676056338028169,Low
CESSNA 182B,70,70,39.0,39.0,20.0,75.0,CESSNA,182B,0.5571428571428572,Low
CESSNA 185F,70,69,10.0,10.0,17.0,102.0,CESSNA,185F,0.14492753623188406,Low
LAKE LA-4-200,70,69,17.0,17.0,27.0,71.0,LAKE,LA-4-200,0.2463768115942029,Low
CESSNA 182N,69,69,25.0,25.0,22.0,89.0,CESSNA,182N,0.36231884057971014,Low
CESSNA 182E,68,68,29.0,29.0,18.0,90.0,CESSNA,182E,0.4264705882352941,Low
PIPER PA-31-350,68,64,57.0,57.0,16.0,140.0,PIPER,PA-31-350,0.890625,Low
PIPER PA-32R-301,67,66,72.0,72.0,14.0,78.0,PIPER,PA-32R-301,1.0909090909090908,Medium
PIPER PA-28-160,67,67,28.0,28.0,16.0,64.0,PIPER,PA-28-160,0.417910447761194,Low
SCHWEIZER SGS 2-33A,66,66,1.0,1.0,19.0,70.0,SCHWEIZER,SGS 2-33A,0.015151515151515152,Low
CESSNA 172B,66,65,12.0,12.0,20.0,78.0,CESSNA,172B,0.18461538461538463,Low
CESSNA 182K,65,65,12.0,12.0,23.0,80.0,CESSNA,182K,0.18461538461538463,Low
CESSNA 310R,65,65,60.0,60.0,19.0,77.0,CESSNA,310R,0.9230769230769231,Low
CESSNA 182H,65,65,21.0,21.0,28.0,78.0,CESSNA,182H,0.3230769230769231,Low
GLOBE GC-1B,65,65,19.0,19.0,14.0,54.0,GLOBE,GC-1B,0.2923076923076923,Low
CESSNA 182M,65,65,22.0,22.0,13.0,91.0,CESSNA,182M,0.3384615384615385,Low
PIPER PA-28RT-201T,64,64,25.0,25.0,15.0,81.0,PIPER,PA-28RT-201T,0.390625,Low
HUGHES 369D,64,64,16.0,16.0,19.0,89.0,HUGHES,369D,0.25,Low
PIPER PA-28RT-201,64,62,49.0,49.0,17.0,69.0,PIPER,PA-28RT-201,0.7903225806451613,Low
PIPER PA-46-350P,63,62,44.0,44.0,10.0,95.0,PIPER,PA-46-350P,0.7096774193548387,Low
PIPER J-3,63,62,9.0,9.0,21.0,64.0,PIPER,J-3,0.14516129032258066,Low
PIPER PA-23-160,63,63,29.0,29.0,19.0,64.0,PIPER,PA-23-160,0.4603174603174603,Low
CESSNA 310Q,62,62,42.0,42.0,7.0,83.0,CESSNA,310Q,0.6774193548387096,Low
BEECH S35,62,62,61.0,61.0,35.0,48.0,BEECH,S35,0.9838709677419355,Low
ROBINSON R-22B,62,62,6.0,6.0,21.0,73.0,ROBINSON,R-22B,0.0967741935483871,Low
BEECH 76,61,61,21.0,21.0,16.0,81.0,BEECH,76,0.3442622950819672,Low
BEECH C24R,61,59,27.0,27.0,19.0,68.0,BEECH,C24R,0.4576271186440678,Low
MAULE M-5-235C,61,61,18.0,18.0,14.0,88.0,MAULE,M-5-235C,0.29508196721311475,Low
PIPER PA-11,60,60,14.0,14.0,18.0,47.0,PIPER,PA-11,0.23333333333333334,Low
PIPER PA-28-236,60,60,41.0,41.0,8.0,60.0,PIPER,PA-28-236,0.6833333333333333,Low
CESSNA 150E,60,60,9.0,9.0,16.0,62.0,CESSNA,150E,0.15,Low
CESSNA 182F,60,60,21.0,21.0,17.0,79.0,CESSNA,182F,0.35,Low
CESSNA A185E,60,60,6.0,6.0,18.0,87.0,CESSNA,A185E,0.1,Low
CESSNA 172A,60,60,9.0,9.0,19.0,64.0,CESSNA,172A,0.15,Low
CESSNA 182RG,59,59,12.0,12.0,8.0,103.0,CESSNA,182RG,0.2033898305084746,Low
CHAMPION 7GCBC,59,58,10.0,10.0,8.0,63.0,CHAMPION,7GCBC,0.1724137931034483,Low
PIPER PA28R,59,58,25.0,25.0,18.0,70.0,PIPER,PA28R,0.43103448275862066,Low
PIPER PA-34-220T,59,55,53.0,53.0,7.0,83.0,PIPER,PA-34-220T,0.9636363636363636,Low
BEECH 58P,58,57,51.0,51.0,18.0,76.0,BEECH,58P,0.8947368421052632,Low
CESSNA 182C,58,58,19.0,19.0,14.0,63.0,CESSNA,182C,0.3275862068965517,Low
PIPER PA-32RT-300,58,58,53.0,53.0,18.0,76.0,PIPER,PA-32RT-300,0.9137931034482759,Low
PIPER PA-24,58,58,16.0,16.0,8.0,81.0,PIPER,PA-24,0.27586206896551724,Low
PIPER PA-38,58,58,10.0,10.0,8.0,68.0,PIPER,PA-38,0.1724137931034483,Low
CESSNA T210,57,56,16.0,16.0,24.0,62.0,CESSNA,T210,0.2857142857142857,Low
BEECH C35,57,57,34.0,34.0,21.0,44.0,BEECH,C35,0.5964912280701754,Low
BEECH 77,56,56,14.0,14.0,17.0,40.0,BEECH,77,0.25,Low
PIPER PA32,55,54,26.0,26.0,14.0,71.0,PIPER,PA32,0.48148148148148145,Low
BEECH A23,55,55,25.0,25.0,12.0,51.0,BEECH,A23,0.45454545454545453,Low
BELLANCA 7KCAB,55,55,14.0,14.0,6.0,53.0,BELLANCA,7KCAB,0.2545454545454545,Low
CESSNA A185,54,54,4.0,4.0,4.0,87.0,CESSNA,A185,0.07407407407407407,Low
CESSNA 421,54,53,52.0,52.0,6.0,69.0,CESSNA,421,0.9811320754716981,Low
CESSNA 172I,53,53,16.0,16.0,22.0,45.0,CESSNA,172I,0.3018867924528302,Low
CESSNA TU206G,53,53,20.0,20.0,20.0,69.0,CESSNA,TU206G,0.37735849056603776,Low
CESSNA U206G,52,51,35.0,35.0,17.0,67.0,CESSNA,U206G,0.6862745098039216,Low
BEECH B19,52,51,5.0,5.0,15.0,69.0,BEECH,B19,0.09803921568627451,Low
CESSNA 182D,52,52,25.0,25.0,7.0,67.0,CESSNA,182D,0.4807692307692308,Low
CESSNA 180A,52,52,3.0,3.0,8.0,91.0,CESSNA,180A,0.057692307692307696,Low
BEECH 36,52,52,22.0,22.0,11.0,83.0,BEECH,36,0.4230769230769231,Low
DE HAVILLAND DHC-2,51,51,18.0,18.0,4.0,136.0,DE HAVILLAND,DHC-2,0.35294117647058826,Low
BEECH G35,51,51,29.0,29.0,6.0,54.0,BEECH,G35,0.5686274509803921,Low
BEECH A-36,51,50,42.0,42.0,14.0,66.0,BEECH,A-36,0.84,Low
CESSNA 340,51,50,45.0,45.0,13.0,89.0,CESSNA,340,0.9,Low
CESSNA 182S,50,50,16.0,16.0,4.0,74.0,CESSNA,182S,0.32,Low
PIPER PA-18-135,50,50,14.0,14.0,12.0,48.0,PIPER,PA-18-135,0.28,Low
BEECH H35,50,49,27.0,27.0,8.0,57.0,BEECH,H35,0.5510204081632653,Low
BELL 47G,50,50,10.0,10.0,11.0,57.0,BELL,47G,0.2,Low
CESSNA 150D,49,49,8.0,8.0,5.0,44.0,CESSNA,150D,0.16326530612244897,Low
CESSNA 305A,49,49,2.0,2.0,3.0,65.0,CESSNA,305A,0.04081632653061224,Low
CHAMPION 7KCAB,49,49,19.0,19.0,13.0,52.0,CHAMPION,7KCAB,0.3877551020408163,Low
BEECH K35,48,47,30.0,30.0,16.0,48.0,BEECH,K35,0.6382978723404256,Low
CIRRUS DESIGN CORP SR20,48,46,25.0,25.0,5.0,50.0,CIRRUS DESIGN CORP,SR20,0.5434782608695652,Low
GRUMMAN AMERICAN AA-5B,48,48,33.0,33.0,13.0,41.0,GRUMMAN AMERICAN,AA-5B,0.6875,Low
PIPER PA 18-150,48,48,8.0,8.0,6.0,55.0,PIPER,PA 18-150,0.16666666666666666,Low
PIPER PA46,48,47,25.0,25.0,11.0,77.0,PIPER,PA46,0.5319148936170213,Low
ROBINSON HELICOPTER R44,47,47,16.0,16.0,11.0,52.0,ROBINSON HELICOPTER,R44,0.3404255319148936,Low
BEECH B36TC,47,47,37.0,37.0,9.0,36.0,BEECH,B36TC,0.7872340425531915,Low
LUSCOMBE 8,47,47,6.0,6.0,7.0,33.0,LUSCOMBE,8,0.1276595744680851,Low
CESSNA U206,47,47,28.0,28.0,10.0,67.0,CESSNA,U206,0.5957446808510638,Low
BELLANCA 17-30,46,45,17.0,17.0,13.0,50.0,BELLANCA,17-30,0.37777777777777777,Low
CHAMPION 7EC,46,46,12.0,12.0,9.0,43.0,CHAMPION,7EC,0.2608695652173913,Low
PIPER J3C,46,46,10.0,10.0,11.0,38.0,PIPER,J3C,0.21739130434782608,Low
CESSNA 172C,46,46,16.0,16.0,16.0,44.0,CESSNA,172C,0.34782608695652173,Low
LET L-13,44,44,2.0,2.0,8.0,54.0,LET,L-13,0.045454545454545456,Low
HUGHES 269B,44,44,9.0,9.0,22.0,44.0,HUGHES,269B,0.20454545454545456,Low
CESSNA 210M,43,43,34.0,34.0,14.0,36.0,CESSNA,210M,0.7906976744186046,Low
PIPER PA22,43,43,2.0,2.0,8.0,41.0,PIPER,PA22,0.046511627906976744,Low
CESSNA 182T,43,43,19.0,19.0,4.0,54.0,CESSNA,182T,0.4418604651162791,Low
GREAT LAKES 2T-1A-2,42,42,5.0,5.0,7.0,52.0,GREAT LAKES,2T-1A-2,0.11904761904761904,Low
PIPER PA-32-301,42,42,31.0,31.0,10.0,94.0,PIPER,PA-32-301,0.7380952380952381,Low
GRUMMAN AMERICAN AA-5A,42,42,22.0,22.0,14.0,45.0,GRUMMAN AMERICAN,AA-5A,0.5238095238095238,Low
BEECH 200,41,39,61.0,61.0,2.0,124.0,BEECH,200,1.564102564102564,Medium
MOONEY M20,41,41,9.0,9.0,6.0,46.0,MOONEY,M20,0.21951219512195122,Low
TAYLORCRAFT BC-12D,41,41,6.0,6.0,15.0,34.0,TAYLORCRAFT,BC-12D,0.14634146341463414,Low
BEECH A35,41,41,27.0,27.0,9.0,36.0,BEECH,A35,0.6585365853658537,Low
CESSNA 210N,41,41,31.0,31.0,11.0,36.0,CESSNA,210N,0.7560975609756098,Low
BEECH B35,41,41,14.0,14.0,11.0,60.0,BEECH,B35,0.34146341463414637,Low
CESSNA 195A,41,41,9.0,9.0,1.0,72.0,CESSNA,195A,0.21951219512195122,Low
PIPER PA-16,41,41,8.0,8.0,4.0,49.0,PIPER,PA-16,0.1951219512195122,Low
PIPER PA-23,41,40,32.0,32.0,11.0,47.0,PIPER,PA-23,0.8,Low
GRUMMAN AA-5B,41,41,11.0,11.0,7.0,65.0,GRUMMAN,AA-5B,0.2682926829268293,Low
BOEING B75N1,40,40,3.0,3.0,6.0,52.0,BOEING,B75N1,0.075,Low
MOONEY M20M,40,40,23.0,23.0,5.0,41.0,MOONEY,M20M,0.575,Low
PIPER PA-18A,40,40,8.0,8.0,13.0,32.0,PIPER,PA-18A,0.2,Low
CESSNA U206F,40,40,39.0,39.0,19.0,36.0,CESSNA,U206F,0.975,Low
ROBINSON R-22 BETA,39,39,19.0,19.0,16.0,34.0,ROBINSON,R-22 BETA,0.48717948717948717,Low
CESSNA P210,39,39,20.0,20.0,8.0,32.0,CESSNA,P210,0.5128205128205128,Low
GRUMMAN AA-5A,39,39,10.0,10.0,15.0,47.0,GRUMMAN,AA-5A,0.2564102564102564,Low
ROBINSON R22B,39,39,12.0,12.0,9.0,47.0,ROBINSON,R22B,0.3076923076923077,Low
CESSNA 140A,39,39,8.0,8.0,8.0,43.0,CESSNA,140A,0.20512820512820512,Low
CESSNA 210D,39,39,12.0,12.0,12.0,43.0,CESSNA,210D,0.3076923076923077,Low
PIPER PA-14,39,39,4.0,4.0,8.0,59.0,PIPER,PA-14,0.10256410256410256,Low
CESSNA 402B,38,35,36.0,36.0,11.0,48.0,CESSNA,402B,1.0285714285714285,Medium
BEECH J35,38,38,27.0,27.0,9.0,33.0,BEECH,J35,0.7105263157894737,Low
SCHWEIZER 269C-1,38,38,3.0,3.0,4.0,46.0,SCHWEIZER,269C-1,0.07894736842105263,Low
BEECH M35,38,37,18.0,18.0,6.0,41.0,BEECH,M35,0.4864864864864865,Low
CHAMPION 7GCAA,38,38,8.0,8.0,10.0,37.0,CHAMPION,7GCAA,0.21052631578947367,Low
GRUMMAN AMERICAN AA-1B,38,38,9.0,9.0,21.0,21.0,GRUMMAN AMERICAN,AA-1B,0.23684210526315788,Low
PIPER PA-23-150,38,38,17.0,17.0,21.0,59.0,PIPER,PA-23-150,0.4473684210526316,Low
AERO COMMANDER 100,37,37,6.0,6.0,16.0,35.0,AERO COMMANDER,100,0.16216216216216217,Low
CESSNA 152II,37,36,0.0,0.0,6.0,43.0,CESSNA,152II,0.0,Low
CESSNA 414A,37,36,38.0,38.0,9.0,52.0,CESSNA,414A,1.0555555555555556,Medium
PIPER PA24,37,37,13.0,13.0,4.0,42.0,PIPER,PA24,0.35135135135135137,Low
MAULE M-4-220C,36,36,2.0,2.0,5.0,52.0,MAULE,M-4-220C,0.05555555555555555,Low
BELL 47G-2,36,36,5.0,5.0,11.0,43.0,BELL,47G-2,0.1388888888888889,Low
BEECH A23-24,36,36,12.0,12.0,15.0,58.0,BEECH,A23-24,0.3333333333333333,Low
LUSCOMBE 8F,35,35,4.0,4.0,10.0,32.0,LUSCOMBE,8F,0.11428571428571428,Low
BEECH P35,35,34,21.0,21.0,10.0,28.0,BEECH,P35,0.6176470588235294,Low
ERCOUPE 415-C,35,35,11.0,11.0,7.0,25.0,ERCOUPE,415-C,0.3142857142857143,Low
CESSNA T206H,35,35,17.0,17.0,8.0,48.0,CESSNA,T206H,0.4857142857142857,Low
CESSNA T182T,35,35,13.0,13.0,2.0,45.0,CESSNA,T182T,0.37142857142857144,Low
HUGHES 369HS,35,35,15.0,15.0,9.0,45.0,HUGHES,369HS,0.42857142857142855,Low
ENSTROM F-28C,34,33,2.0,2.0,4.0,50.0,ENSTROM,F-28C,0.06060606060606061,Low
BEECH 95-C55,34,34,22.0,22.0,8.0,33.0,BEECH,95-C55,0.6470588235294118,Low
LET BLANIK L-13,34,34,0.0,0.0,6.0,38.0,LET,BLANIK L-13,0.0,Low
RYAN NAVION,34,34,8.0,8.0,17.0,35.0,RYAN,NAVION,0.23529411764705882,Low
BEECH B23,34,34,14.0,14.0,9.0,32.0,BEECH,B23,0.4117647058823529,Low
AERONCA 7BCM,34,34,5.0,5.0,8.0,27.0,AERONCA,7BCM,0.14705882352941177,Low
CESSNA 177A,34,34,8.0,8.0,17.0,38.0,CESSNA,177A,0.23529411764705882,Low
PIPER PA 28-140,34,34,8.0,8.0,16.0,22.0,PIPER,PA 28-140,0.23529411764705882,Low
MOONEY M20R,34,33,13.0,13.0,5.0,35.0,MOONEY,M20R,0.3939393939393939,Low
BEECH C-23,34,34,1.0,1.0,17.0,39.0,BEECH,C-23,0.029411764705882353,Low
BEECH V35A,34,34,18.0,18.0,10.0,28.0,BEECH,V35A,0.5294117647058824,Low
PIPER PA 12,34,34,2.0,2.0,2.0,47.0,PIPER,PA 12,0.058823529411764705,Low
CHAMPION 7FC,33,33,3.0,3.0,9.0,27.0,CHAMPION,7FC,0.09090909090909091,Low
BALLOON WORKS FIREFLY 7,33,33,3.0,3.0,5.0,64.0,BALLOON WORKS,FIREFLY 7,0.09090909090909091,Low
CIRRUS DESIGN CORP. SR22,33,30,19.0,19.0,14.0,39.0,CIRRUS DESIGN CORP.,SR22,0.6333333333333333,Low
ENSTROM 280C,33,33,10.0,10.0,6.0,39.0,ENSTROM,280C,0.30303030303030304,Low
CESSNA 210A,33,33,7.0,7.0,3.0,45.0,CESSNA,210A,0.21212121212121213,Low
AERONCA 15AC,33,33,2.0,2.0,7.0,39.0,AERONCA,15AC,0.06060606060606061,Low
PIPER PA 28-180,32,31,13.0,13.0,10.0,33.0,PIPER,PA 28-180,0.41935483870967744,Low
PIPER PA28-140,32,32,11.0,11.0,15.0,26.0,PIPER,PA28-140,0.34375,Low
CESSNA 180B,32,32,10.0,10.0,4.0,42.0,CESSNA,180B,0.3125,Low
BEECH 55,32,31,7.0,7.0,3.0,53.0,BEECH,55,0.22580645161290322,Low
BEECH 95,32,32,30.0,30.0,10.0,30.0,BEECH,95,0.9375,Low
MOONEY M20A,31,31,15.0,15.0,14.0,18.0,MOONEY,M20A,0.4838709677419355,Low
CESSNA 210E,31,31,16.0,16.0,5.0,47.0,CESSNA,210E,0.5161290322580645,Low
CESSNA 210B,31,31,17.0,17.0,13.0,30.0,CESSNA,210B,0.5483870967741935,Low
BEECH 35-B33,31,31,18.0,18.0,9.0,34.0,BEECH,35-B33,0.5806451612903226,Low
CESSNA 441,31,28,34.0,34.0,3.0,54.0,CESSNA,441,1.2142857142857142,Medium
LAKE LA-4,31,31,5.0,5.0,8.0,42.0,LAKE,LA-4,0.16129032258064516,Low
CESSNA 310C,31,31,11.0,11.0,12.0,39.0,CESSNA,310C,0.3548387096774194,Low
PIPER PA 46-350P,31,30,21.0,21.0,0.0,57.0,PIPER,PA 46-350P,0.7,Low
ENSTROM F-28A,31,29,2.0,2.0,7.0,42.0,ENSTROM,F-28A,0.06896551724137931,Low
CESSNA T310R,30,30,23.0,23.0,4.0,37.0,CESSNA,T310R,0.7666666666666667,Low
SOCATA TBM 700,30,30,33.0,33.0,13.0,34.0,SOCATA,TBM 700,1.1,Medium
MAULE M-5-210C,30,30,6.0,6.0,1.0,52.0,MAULE,M-5-210C,0.2,Low
AVIAT A-1B,30,30,3.0,3.0,3.0,35.0,AVIAT,A-1B,0.1,Low
BEECH N35,30,30,25.0,25.0,6.0,25.0,BEECH,N35,0.8333333333333334,Low
BEECH F35,30,30,22.0,22.0,5.0,23.0,BEECH,F35,0.7333333333333333,Low
CESSNA 175A,30,30,13.0,13.0,8.0,34.0,CESSNA,175A,0.43333333333333335,Low
BOEING E75,30,30,1.0,1.0,9.0,40.0,BOEING,E75,0.03333333333333333,Low
BEECH 95-A55,30,29,24.0,24.0,67.0,31.0,BEECH,95-A55,0.8275862068965517,Low
CESSNA 150C,30,30,3.0,3.0,5.0,33.0,CESSNA,150C,0.1,Low
BELL 47D1,29,29,6.0,6.0,5.0,29.0,BELL,47D1,0.20689655172413793,Low
BOEING A75N1(PT17),29,29,0.0,0.0,8.0,39.0,BOEING,A75N1(PT17),0.0,Low
AMERICAN AA-1,29,29,4.0,4.0,16.0,12.0,AMERICAN,AA-1,0.13793103448275862,Low
BEECH C90,29,27,21.0,21.0,4.0,41.0,BEECH,C90,0.7777777777777778,Low
GRUMMAN AMERICAN AA-5,29,28,28.0,28.0,7.0,25.0,GRUMMAN AMERICAN,AA-5,1.0,Medium
PIPER PA32R,29,29,17.0,17.0,12.0,28.0,PIPER,PA32R,0.5862068965517241,Low
BEECH A24R,29,29,21.0,21.0,13.0,25.0,BEECH,A24R,0.7241379310344828,Low
CESSNA A152,29,29,17.0,17.0,4.0,18.0,CESSNA,A152,0.5862068965517241,Low
BEECH 35-C33,28,28,17.0,17.0,7.0,34.0,BEECH,35-C33,0.6071428571428571,Low
CESSNA 310J,28,26,4.0,4.0,6.0,95.0,CESSNA,310J,0.15384615384615385,Low
NORTH AMERICAN NAVION,28,28,10.0,10.0,12.0,30.0,NORTH AMERICAN,NAVION,0.35714285714285715,Low
BELL 206L-1,28,28,9.0,9.0,13.0,42.0,BELL,206L-1,0.32142857142857145,Low
CESSNA 205,28,28,24.0,24.0,13.0,33.0,CESSNA,205,0.8571428571428571,Low
CESSNA 337,28,28,12.0,12.0,18.0,23.0,CESSNA,337,0.42857142857142855,Low
PIPER J3,28,28,4.0,4.0,4.0,30.0,PIPER,J3,0.14285714285714285,Low
PIPER PA-32,28,28,11.0,11.0,11.0,48.0,PIPER,PA-32,0.39285714285714285,Low
CESSNA 185E,28,28,0.0,0.0,9.0,42.0,CESSNA,185E,0.0,Low
PIPER PA34,27,27,26.0,26.0,5.0,25.0,PIPER,PA34,0.9629629629629629,Low
PIPER PA-34,27,25,25.0,25.0,2.0,45.0,PIPER,PA-34,1.0,Medium
CESSNA T337G,27,27,26.0,26.0,4.0,18.0,CESSNA,T337G,0.9629629629629629,Low
SCHLEICHER ASW-20,27,27,9.0,9.0,3.0,13.0,SCHLEICHER,ASW-20,0.3333333333333333,Low
PIPER PA-18-160,27,27,1.0,1.0,2.0,36.0,PIPER,PA-18-160,0.037037037037037035,Low
PIPER PA28-151,27,27,4.0,4.0,15.0,39.0,PIPER,PA28-151,0.14814814814814814,Low
PIPER PA 28-181,27,27,8.0,8.0,9.0,32.0,PIPER,PA 28-181,0.2962962962962963,Low
WACO UPF-7,27,27,2.0,2.0,13.0,39.0,WACO,UPF-7,0.07407407407407407,Low
PITTS S-2B,26,26,11.0,11.0,3.0,30.0,PITTS,S-2B,0.4230769230769231,Low
AVIAT A-1,26,26,5.0,5.0,3.0,28.0,AVIAT,A-1,0.19230769230769232,Low
CESSNA 195B,26,26,1.0,1.0,5.0,31.0,CESSNA,195B,0.038461538461538464,Low
BELL 206,26,26,17.0,17.0,3.0,34.0,BELL,206,0.6538461538461539,Low
MOONEY AIRCRAFT CORP. M20K,26,26,6.0,6.0,8.0,25.0,MOONEY AIRCRAFT CORP.,M20K,0.23076923076923078,Low
CESSNA T303,26,26,25.0,25.0,4.0,25.0,CESSNA,T303,0.9615384615384616,Low
CESSNA 172 M,26,26,4.0,4.0,7.0,37.0,CESSNA,172 M,0.15384615384615385,Low
CESSNA 550,26,22,12.0,12.0,6.0,85.0,CESSNA,550,0.5454545454545454,Low
PIPER PA-28R,26,25,11.0,11.0,2.0,44.0,PIPER,PA-28R,0.44,Low
BEECH B24R,25,25,17.0,17.0,10.0,24.0,BEECH,B24R,0.68,Low
BEECH A23A,25,24,6.0,6.0,3.0,30.0,BEECH,A23A,0.25,Low
CONSOLIDATED AERONAUTICS INC. LAKE LA-4-200,25,25,0.0,0.0,10.0,16.0,CONSOLIDATED AERONAUTICS INC.,LAKE LA-4-200,0.0,Low
CESSNA A150L,25,25,13.0,13.0,4.0,14.0,CESSNA,A150L,0.52,Low
PIPER PA-18A-150,25,25,7.0,7.0,3.0,22.0,PIPER,PA-18A-150,0.28,Low
CESSNA 310N,25,25,17.0,17.0,10.0,34.0,CESSNA,310N,0.68,Low
CESSNA 310K,25,25,21.0,21.0,5.0,28.0,CESSNA,310K,0.84,Low
CESSNA 425,25,25,28.0,28.0,8.0,40.0,CESSNA,425,1.12,Medium
BELLANCA 7GCAA,25,25,7.0,7.0,7.0,24.0,BELLANCA,7GCAA,0.28,Low
PIPER PA-31P,25,24,28.0,28.0,7.0,17.0,PIPER,PA-31P,1.1666666666666667,Medium
PIPER PA-60-601P,25,25,34.0,34.0,1.0,25.0,PIPER,PA-60-601P,1.36,Medium
MAULE M-5,24,24,7.0,7.0,7.0,33.0,MAULE,M-5,0.2916666666666667,Low
HELIO H-295,24,24,2.0,2.0,4.0,43.0,HELIO,H-295,0.08333333333333333,Low
PIPER J5A,24,24,9.0,9.0,1.0,24.0,PIPER,J5A,0.375,Low
MAULE M-6-235,24,24,6.0,6.0,3.0,28.0,MAULE,M-6-235,0.25,Low
GRUMMAN AA-1B,24,24,7.0,7.0,11.0,13.0,GRUMMAN,AA-1B,0.2916666666666667,Low
ALON A2,24,24,4.0,4.0,7.0,19.0,ALON,A2,0.16666666666666666,Low
NORTH AMERICAN SNJ-5,24,24,11.0,11.0,1.0,19.0,NORTH AMERICAN,SNJ-5,0.4583333333333333,Low
PIPER PA-31T,24,23,33.0,33.0,11.0,54.0,PIPER,PA-31T,1.434782608695652,Medium
CESSNA 320,24,24,10.0,10.0,3.0,26.0,CESSNA,320,0.4166666666666667,Low
ERCOUPE (ENG & RESEARCH CORP.) 415C,24,24,6.0,6.0,8.0,23.0,ERCOUPE (ENG & RESEARCH CORP.),415C,0.25,Low
BEECH D35,24,24,7.0,7.0,9.0,22.0,BEECH,D35,0.2916666666666667,Low
NORTH AMERICAN AT-6D,23,23,10.0,10.0,4.0,19.0,NORTH AMERICAN,AT-6D,0.43478260869565216,Low
CESSNA 172XP,23,22,5.0,5.0,4.0,36.0,CESSNA,172XP,0.22727272727272727,Low
CESSNA A150M,23,23,4.0,4.0,5.0,22.0,CESSNA,A150M,0.17391304347826086,Low
MAULE M-7-235,23,23,5.0,5.0,8.0,33.0,MAULE,M-7-235,0.21739130434782608,Low
BEECH 60,23,23,16.0,16.0,7.0,22.0,BEECH,60,0.6956521739130435,Low
PIPER PA-32R,23,22,4.0,4.0,7.0,46.0,PIPER,PA-32R,0.18181818181818182,Low
AERONCA 7EC,23,23,5.0,5.0,2.0,31.0,AERONCA,7EC,0.21739130434782608,Low
PIPER PA 18,23,23,0.0,0.0,2.0,25.0,PIPER,PA 18,0.0,Low
GRUMMAN AA-5,23,22,6.0,6.0,10.0,24.0,GRUMMAN,AA-5,0.2727272727272727,Low
CESSNA 310L,23,23,6.0,6.0,3.0,45.0,CESSNA,310L,0.2608695652173913,Low
FLIGHT DESIGN GMBH CTSW,23,23,2.0,2.0,3.0,20.0,FLIGHT DESIGN GMBH,CTSW,0.08695652173913043,Low
CESSNA 337G,22,22,20.0,20.0,12.0,14.0,CESSNA,337G,0.9090909090909091,Low
PIPER PA-31,22,21,14.0,14.0,10.0,52.0,PIPER,PA-31,0.6666666666666666,Low
PIPER PA 28,22,22,0.0,0.0,8.0,28.0,PIPER,PA 28,0.0,Low
PIPER PA-28-150,22,22,1.0,1.0,5.0,22.0,PIPER,PA-28-150,0.045454545454545456,Low
NORTH AMERICAN T-6G,22,22,13.0,13.0,3.0,21.0,NORTH AMERICAN,T-6G,0.5909090909090909,Low
CESSNA 525,22,19,27.0,27.0,2.0,48.0,CESSNA,525,1.4210526315789473,Medium
PIPER PA-32-301T,22,22,19.0,19.0,2.0,39.0,PIPER,PA-32-301T,0.8636363636363636,Low
DIAMOND AIRCRAFT IND INC DA 40,22,21,6.0,6.0,5.0,28.0,DIAMOND AIRCRAFT IND INC,DA 40,0.2857142857142857,Low
MOONEY M20B,22,22,12.0,12.0,9.0,15.0,MOONEY,M20B,0.5454545454545454,Low
CESSNA C-152,22,22,4.0,4.0,2.0,27.0,CESSNA,C-152,0.18181818181818182,Low
CIRRUS SR20,22,21,12.0,12.0,3.0,18.0,CIRRUS,SR20,0.5714285714285714,Low
BELLANCA 17-31ATC,22,22,18.0,18.0,1.0,24.0,BELLANCA,17-31ATC,0.8181818181818182,Low
CESSNA 210K,21,21,19.0,19.0,2.0,29.0,CESSNA,210K,0.9047619047619048,Low
CESSNA 190,21,21,4.0,4.0,6.0,35.0,CESSNA,190,0.19047619047619047,Low
ROCKWELL 112A,21,21,5.0,5.0,6.0,33.0,ROCKWELL,112A,0.23809523809523808,Low
NAVION A,21,21,5.0,5.0,9.0,22.0,NAVION,A,0.23809523809523808,Low
CESSNA A150K,21,21,12.0,12.0,1.0,14.0,CESSNA,A150K,0.5714285714285714,Low
BEECH BE-23,21,21,4.0,4.0,9.0,27.0,BEECH,BE-23,0.19047619047619047,Low
EVEKTOR-AEROTECHNIK AS SPORTSTAR,21,21,0.0,0.0,2.0,25.0,EVEKTOR-AEROTECHNIK AS,SPORTSTAR,0.0,Low
FLIGHT DESIGN GMBH CTLS,21,20,2.0,2.0,3.0,17.0,FLIGHT DESIGN GMBH,CTLS,0.1,Low
CESSNA R172E,21,21,2.0,2.0,5.0,22.0,CESSNA,R172E,0.09523809523809523,Low
BEECH B-60,21,21,18.0,18.0,1.0,26.0,BEECH,B-60,0.8571428571428571,Low
CESSNA 150B,20,20,4.0,4.0,5.0,21.0,CESSNA,150B,0.2,Low
ROBINSON R44 II,20,20,17.0,17.0,5.0,25.0,ROBINSON,R44 II,0.85,Low
MOONEY M20D,20,20,8.0,8.0,10.0,17.0,MOONEY,M20D,0.4,Low
BOEING A75,20,20,3.0,3.0,8.0,18.0,BOEING,A75,0.15,Low
PIPER PA-24-400,20,20,5.0,5.0,8.0,18.0,PIPER,PA-24-400,0.25,Low
SCHWEIZER SGS-2-33A,20,20,0.0,0.0,6.0,20.0,SCHWEIZER,SGS-2-33A,0.0,Low
PIPER AEROSTAR 601P,20,20,21.0,21.0,8.0,20.0,PIPER,AEROSTAR 601P,1.05,Medium
PIPER PA-31-325,20,20,15.0,15.0,6.0,25.0,PIPER,PA-31-325,0.75,Low
PIPER PA-25-235,20,20,5.0,5.0,1.0,10.0,PIPER,PA-25-235,0.25,Low
ROBINSON R-44,20,19,16.0,16.0,2.0,19.0,ROBINSON,R-44,0.8421052631578947,Low
CESSNA T210F,20,20,10.0,10.0,4.0,15.0,CESSNA,T210F,0.5,Low
MAULE M-4,20,20,6.0,6.0,2.0,35.0,MAULE,M-4,0.3,Low
AVIAT AIRCRAFT INC A-1B,20,20,0.0,0.0,2.0,21.0,AVIAT AIRCRAFT INC,A-1B,0.0,Low
BEECH E-55,20,19,21.0,21.0,9.0,24.0,BEECH,E-55,1.105263157894737,Medium
CESSNA 501,20,19,22.0,22.0,0.0,38.0,CESSNA,501,1.1578947368421053,Medium
BEECH 19A,19,19,12.0,12.0,2.0,24.0,BEECH,19A,0.631578947368421,Low
BEECH BE-55,19,18,12.0,12.0,1.0,22.0,BEECH,BE-55,0.6666666666666666,Low
CESSNA 152 II,19,19,4.0,4.0,3.0,23.0,CESSNA,152 II,0.21052631578947367,Low
ERCOUPE 415,19,19,1.0,1.0,9.0,13.0,ERCOUPE,415,0.05263157894736842,Low
PIPER 601P,19,19,18.0,18.0,0.0,36.0,PIPER,601P,0.9473684210526315,Low
BEECH BE-58,19,19,12.0,12.0,2.0,26.0,BEECH,BE-58,0.631578947368421,Low
PIPER PA 28-161,19,19,1.0,1.0,3.0,35.0,PIPER,PA 28-161,0.05263157894736842,Low
GRUMMAN AMERICAN AA-1C,19,19,8.0,8.0,9.0,12.0,GRUMMAN AMERICAN,AA-1C,0.42105263157894735,Low
BEECH D55,19,19,22.0,22.0,0.0,23.0,BEECH,D55,1.1578947368421053,Medium
RYAN ST3KR,19,19,6.0,6.0,8.0,16.0,RYAN,ST3KR,0.3157894736842105,Low
CESSNA 310D,19,19,12.0,12.0,8.0,22.0,CESSNA,310D,0.631578947368421,Low
TAYLORCRAFT DCO-65,19,19,2.0,2.0,8.0,15.0,TAYLORCRAFT,DCO-65,0.10526315789473684,Low
PIPER PA38,19,19,8.0,8.0,5.0,17.0,PIPER,PA38,0.42105263157894735,Low
REPUBLIC RC-3,19,19,4.0,4.0,8.0,17.0,REPUBLIC,RC-3,0.21052631578947367,Low
CESSNA 401,19,18,16.0,16.0,6.0,31.0,CESSNA,401,0.8888888888888888,Low
CESSNA 180G,19,19,5.0,5.0,3.0,25.0,CESSNA,180G,0.2631578947368421,Low
CESSNA 411,19,18,15.0,15.0,4.0,21.0,CESSNA,411,0.8333333333333334,Low
CESSNA 175B,19,19,6.0,6.0,10.0,18.0,CESSNA,175B,0.3157894736842105,Low
CESSNA P206,19,19,19.0,19.0,4.0,17.0,CESSNA,P206,1.0,Medium
AERONCA 7DC,19,19,3.0,3.0,1.0,22.0,AERONCA,7DC,0.15789473684210525,Low
PIPER PA 24-250,19,19,9.0,9.0,10.0,18.0,PIPER,PA 24-250,0.47368421052631576,Low
RAYTHEON AIRCRAFT COMPANY A36,19,19,16.0,16.0,5.0,23.0,RAYTHEON AIRCRAFT COMPANY,A36,0.8421052631578947,Low
PIPER PA 30,19,19,6.0,6.0,5.0,21.0,PIPER,PA 30,0.3157894736842105,Low
CESSNA 305,18,18,2.0,2.0,3.0,22.0,CESSNA,305,0.1111111111111111,Low
MAULE M-4-210C,18,18,5.0,5.0,3.0,22.0,MAULE,M-4-210C,0.2777777777777778,Low
BRANTLY HELICOPTER B-2B,18,18,0.0,0.0,2.0,25.0,BRANTLY HELICOPTER,B-2B,0.0,Low
CHAMPION 7GCB,18,18,0.0,0.0,2.0,24.0,CHAMPION,7GCB,0.0,Low
HILLER UH-12C,18,18,0.0,0.0,5.0,22.0,HILLER,UH-12C,0.0,Low
BEECH A23-19,18,18,2.0,2.0,4.0,16.0,BEECH,A23-19,0.1111111111111111,Low
CUBCRAFTERS INC CC11-160,18,18,0.0,0.0,2.0,19.0,CUBCRAFTERS INC,CC11-160,0.0,Low
ROBINSON HELICOPTER COMPANY R22,18,18,2.0,2.0,5.0,22.0,ROBINSON HELICOPTER COMPANY,R22,0.1111111111111111,Low
PIPER PA32RT,18,18,9.0,9.0,0.0,34.0,PIPER,PA32RT,0.5,Low
BEECH D95A,18,18,14.0,14.0,1.0,16.0,BEECH,D95A,0.7777777777777778,Low
FAIRCHILD HILLER FH-1100,18,18,10.0,10.0,4.0,13.0,FAIRCHILD HILLER,FH-1100,0.5555555555555556,Low
BEECH E35,18,18,6.0,6.0,10.0,13.0,BEECH,E35,0.3333333333333333,Low
PIPER PA-46-500TP,18,16,12.0,12.0,0.0,29.0,PIPER,PA-46-500TP,0.75,Low
GRUMMAN AA5,18,18,4.0,4.0,14.0,17.0,GRUMMAN,AA5,0.2222222222222222,Low
ROCKWELL 114,18,17,22.0,22.0,5.0,20.0,ROCKWELL,114,1.2941176470588236,Medium
CESSNA TU206F,18,18,4.0,4.0,17.0,25.0,CESSNA,TU206F,0.2222222222222222,Low
CESSNA 208B,17,16,28.0,28.0,1.0,38.0,CESSNA,208B,1.75,Medium
PIPER PA-28-201T,17,17,12.0,12.0,4.0,22.0,PIPER,PA-28-201T,0.7058823529411765,Low
BEECH 65,17,17,18.0,18.0,4.0,32.0,BEECH,65,1.0588235294117647,Medium
CESSNA 500,17,17,22.0,22.0,3.0,27.0,CESSNA,500,1.2941176470588236,Medium
CESSNA 207,17,17,8.0,8.0,7.0,24.0,CESSNA,207,0.47058823529411764,Low
ROBINSON HELICOPTER R22,17,17,0.0,0.0,1.0,22.0,ROBINSON HELICOPTER,R22,0.0,Low
TAYLORCRAFT F-19,17,17,2.0,2.0,4.0,13.0,TAYLORCRAFT,F-19,0.11764705882352941,Low
MAULE MX-7-235,17,17,1.0,1.0,4.0,20.0,MAULE,MX-7-235,0.058823529411764705,Low
VARGA 2150A,17,17,4.0,4.0,6.0,11.0,VARGA,2150A,0.23529411764705882,Low
MOONEY M-20C,17,17,13.0,13.0,2.0,18.0,MOONEY,M-20C,0.7647058823529411,Low
YAKOVLEV YAK 52,17,17,17.0,17.0,0.0,8.0,YAKOVLEV,YAK 52,1.0,Medium
MAULE M5,17,17,3.0,3.0,1.0,22.0,MAULE,M5,0.17647058823529413,Low
SCHWEIZER SGS 1-26E,17,17,2.0,2.0,1.0,6.0,SCHWEIZER,SGS 1-26E,0.11764705882352941,Low
AVIAT A1,17,17,1.0,1.0,3.0,14.0,AVIAT,A1,0.058823529411764705,Low
BEECH B200,17,13,7.0,7.0,5.0,46.0,BEECH,B200,0.5384615384615384,Low
CESSNA 150A,17,17,5.0,5.0,5.0,13.0,CESSNA,150A,0.29411764705882354,Low
SCHWEIZER SGS 1-34,17,17,4.0,4.0,0.0,10.0,SCHWEIZER,SGS 1-34,0.23529411764705882,Low
AERO COMMANDER 112,17,17,12.0,12.0,4.0,17.0,AERO COMMANDER,112,0.7058823529411765,Low
ROBINSON R22A,17,17,7.0,7.0,4.0,19.0,ROBINSON,R22A,0.4117647058823529,Low
CESSNA T210K,16,16,7.0,7.0,11.0,23.0,CESSNA,T210K,0.4375,Low
PIPER PA-15,16,16,3.0,3.0,4.0,16.0,PIPER,PA-15,0.1875,Low
BEECH 35-A33,16,16,1.0,1.0,9.0,21.0,BEECH,35-A33,0.0625,Low
BEECH 19,16,16,2.0,2.0,3.0,18.0,BEECH,19,0.125,Low
ROCKWELL 112TC,16,16,22.0,22.0,8.0,12.0,ROCKWELL,112TC,1.375,Medium
AERONCA 7CCM,16,16,5.0,5.0,3.0,13.0,AERONCA,7CCM,0.3125,Low
RYAN NAVION A,16,16,8.0,8.0,16.0,5.0,RYAN,NAVION A,0.5,Low
GRUMMAN AA5B,16,16,6.0,6.0,2.0,21.0,GRUMMAN,AA5B,0.375,Low
HILLER UH-12B,16,16,0.0,0.0,3.0,18.0,HILLER,UH-12B,0.0,Low
BEECH 58TC,16,16,21.0,21.0,2.0,21.0,BEECH,58TC,1.3125,Medium
BEECH BE-35,16,16,10.0,10.0,1.0,23.0,BEECH,BE-35,0.625,Low
CESSNA 180C,16,15,0.0,0.0,2.0,26.0,CESSNA,180C,0.0,Low
BELLANCA 17-31A,16,15,12.0,12.0,6.0,9.0,BELLANCA,17-31A,0.8,Low
CESSNA 172SP,16,16,3.0,3.0,2.0,21.0,CESSNA,172SP,0.1875,Low
NORTH AMERICAN T-28B,16,16,11.0,11.0,6.0,7.0,NORTH AMERICAN,T-28B,0.6875,Low
CESSNA 210G,16,16,6.0,6.0,7.0,17.0,CESSNA,210G,0.375,Low
BELL 47G-3B-1,16,16,2.0,2.0,0.0,19.0,BELL,47G-3B-1,0.125,Low
BELL 407,16,15,6.0,6.0,1.0,28.0,BELL,407,0.4,Low
TAYLORCRAFT F19,16,16,2.0,2.0,2.0,16.0,TAYLORCRAFT,F19,0.125,Low
TEMCO GC-1B,16,15,2.0,2.0,4.0,14.0,TEMCO,GC-1B,0.13333333333333333,Low
MAULE MX7,16,16,0.0,0.0,1.0,18.0,MAULE,MX7,0.0,Low
BEECH 95-B55 (T42A),16,16,5.0,5.0,3.0,13.0,BEECH,95-B55 (T42A),0.3125,Low
HILLER UH-12E,16,16,3.0,3.0,4.0,21.0,HILLER,UH-12E,0.1875,Low
CESSNA 560,15,12,26.0,26.0,1.0,27.0,CESSNA,560,2.1666666666666665,High
CHAMPION 7AC,15,15,4.0,4.0,3.0,13.0,CHAMPION,7AC,0.26666666666666666,Low
MOONEY M-20J,15,15,8.0,8.0,1.0,13.0,MOONEY,M-20J,0.5333333333333333,Low
AMERICAN CHAMPION AIRCRAFT 8KCAB,15,15,7.0,7.0,1.0,11.0,AMERICAN CHAMPION AIRCRAFT,8KCAB,0.4666666666666667,Low
PIPER PA-31T1,15,14,14.0,14.0,0.0,35.0,PIPER,PA-31T1,1.0,Medium
PIPER PA-31-310,15,15,10.0,10.0,10.0,25.0,PIPER,PA-31-310,0.6666666666666666,Low
CESSNA 310I,15,15,14.0,14.0,3.0,19.0,CESSNA,310I,0.9333333333333333,Low
BEECH D17S,15,15,1.0,1.0,3.0,26.0,BEECH,D17S,0.06666666666666667,Low
GRUMMAN G-44,15,15,1.0,1.0,6.0,18.0,GRUMMAN,G-44,0.06666666666666667,Low
BEECH 95-55,15,15,19.0,19.0,4.0,13.0,BEECH,95-55,1.2666666666666666,Medium
GULFSTREAM AMERICAN AA-5B,15,15,6.0,6.0,6.0,20.0,GULFSTREAM AMERICAN,AA-5B,0.4,Low
AERO COMMANDER 100-180,15,15,6.0,6.0,6.0,21.0,AERO COMMANDER,100-180,0.4,Low
TAYLORCRAFT BC12D,15,15,0.0,0.0,1.0,21.0,TAYLORCRAFT,BC12D,0.0,Low
BELL 206L-3,15,15,8.0,8.0,8.0,27.0,BELL,206L-3,0.5333333333333333,Low
PIPER PA-18-125,15,15,9.0,9.0,2.0,10.0,PIPER,PA-18-125,0.6,Low
PIPER PA-18-180,15,15,2.0,2.0,1.0,20.0,PIPER,PA-18-180,0.13333333333333333,Low
BEECH 35-33,15,15,10.0,10.0,2.0,13.0,BEECH,35-33,0.6666666666666666,Low
DIAMOND AIRCRAFT IND INC DA 20-C1,15,14,2.0,2.0,4.0,12.0,DIAMOND AIRCRAFT IND INC,DA 20-C1,0.14285714285714285,Low
CESSNA 180D,15,15,2.0,2.0,3.0,23.0,CESSNA,180D,0.13333333333333333,Low
DIAMOND DA20,15,15,1.0,1.0,5.0,19.0,DIAMOND,DA20,0.06666666666666667,Low
FLIGHT DESIGN CTSW,15,15,2.0,2.0,1.0,14.0,FLIGHT DESIGN,CTSW,0.13333333333333333,Low
I.C.A. BRASOV IS-28B2,15,15,2.0,2.0,3.0,12.0,I.C.A. BRASOV,IS-28B2,0.13333333333333333,Low
ENSTROM F-28F,14,14,2.0,2.0,8.0,12.0,ENSTROM,F-28F,0.14285714285714285,Low
BEECH 65-A90,14,14,11.0,11.0,2.0,31.0,BEECH,65-A90,0.7857142857142857,Low
CESSNA 185A,14,14,4.0,4.0,1.0,22.0,CESSNA,185A,0.2857142857142857,Low
PIPER PA 28R-200,14,14,4.0,4.0,2.0,19.0,PIPER,PA 28R-200,0.2857142857142857,Low
CESSNA T182,14,14,6.0,6.0,1.0,14.0,CESSNA,T182,0.42857142857142855,Low
AEROTEK PITTS S-2A,14,14,9.0,9.0,3.0,17.0,AEROTEK,PITTS S-2A,0.6428571428571429,Low
CESSNA 402,14,14,12.0,12.0,0.0,27.0,CESSNA,402,0.8571428571428571,Low
TAYLORCRAFT BL-65,14,14,3.0,3.0,8.0,9.0,TAYLORCRAFT,BL-65,0.21428571428571427,Low
BELL 47G2,14,14,3.0,3.0,5.0,14.0,BELL,47G2,0.21428571428571427,Low
BEECH F33,14,14,11.0,11.0,0.0,19.0,BEECH,F33,0.7857142857142857,Low
BURKHART GROB G103,14,14,0.0,0.0,3.0,16.0,BURKHART GROB,G103,0.0,Low
SCHWEIZER SGS 2-33,14,14,0.0,0.0,3.0,13.0,SCHWEIZER,SGS 2-33,0.0,Low
AERONCA 11BC,14,14,1.0,1.0,3.0,14.0,AERONCA,11BC,0.07142857142857142,Low
CIRRUS DESIGN CORP SR22T,14,13,6.0,6.0,4.0,17.0,CIRRUS DESIGN CORP,SR22T,0.46153846153846156,Low
AMERICAN AA-1A,14,14,9.0,9.0,8.0,4.0,AMERICAN,AA-1A,0.6428571428571429,Low
BEECH E55,14,14,10.0,10.0,3.0,9.0,BEECH,E55,0.7142857142857143,Low
PIPER PA-60-602P,14,14,9.0,9.0,1.0,7.0,PIPER,PA-60-602P,0.6428571428571429,Low
PIPER PA 22,14,14,0.0,0.0,0.0,18.0,PIPER,PA 22,0.0,Low
NORTH AMERICAN P-51D,14,14,10.0,10.0,3.0,14.0,NORTH AMERICAN,P-51D,0.7142857142857143,Low
ROBINSON R22 BETA II,14,14,4.0,4.0,5.0,14.0,ROBINSON,R22 BETA II,0.2857142857142857,Low
AMERICAN CHAMPION AIRCRAFT 7GCBC,14,14,5.0,5.0,2.0,15.0,AMERICAN CHAMPION AIRCRAFT,7GCBC,0.35714285714285715,Low
AMERICAN CHAMPION AIRCRAFT 8GCBC,14,14,1.0,1.0,2.0,13.0,AMERICAN CHAMPION AIRCRAFT,8GCBC,0.07142857142857142,Low
PIPER PA28-180,14,14,1.0,1.0,3.0,20.0,PIPER,PA28-180,0.07142857142857142,Low
CESSNA 310P,14,14,4.0,4.0,3.0,24.0,CESSNA,310P,0.2857142857142857,Low
BEECH BE-76,14,14,8.0,8.0,3.0,18.0,BEECH,BE-76,0.5714285714285714,Low
CESSNA AIRCRAFT CO 162,14,14,1.0,1.0,2.0,11.0,CESSNA AIRCRAFT CO,162,0.07142857142857142,Low
CIRRUS DESIGN CORP. SR-22,14,13,7.0,7.0,0.0,24.0,CIRRUS DESIGN CORP.,SR-22,0.5384615384615384,Low
PIPER PA-46,14,13,8.0,8.0,4.0,62.0,PIPER,PA-46,0.6153846153846154,Low
MAULE M-7-235C,14,14,1.0,1.0,1.0,18.0,MAULE,M-7-235C,0.07142857142857142,Low
CESSNA 310B,14,14,5.0,5.0,0.0,27.0,CESSNA,310B,0.35714285714285715,Low
CESSNA 180F,14,14,5.0,5.0,1.0,17.0,CESSNA,180F,0.35714285714285715,Low
VANS RV6,14,14,6.0,6.0,7.0,2.0,VANS,RV6,0.42857142857142855,Low
MAULE M-5-180C,14,14,3.0,3.0,1.0,23.0,MAULE,M-5-180C,0.21428571428571427,Low
BEECH B55,14,14,8.0,8.0,1.0,31.0,BEECH,B55,0.5714285714285714,Low
CESSNA 172Q,14,14,1.0,1.0,4.0,25.0,CESSNA,172Q,0.07142857142857142,Low
QUAD CITY CHALLENGER,13,13,6.0,6.0,6.0,3.0,QUAD CITY,CHALLENGER,0.46153846153846156,Low
PIPER PA23,13,13,8.0,8.0,1.0,12.0,PIPER,PA23,0.6153846153846154,Low
THORP T-18,13,13,9.0,9.0,5.0,6.0,THORP,T-18,0.6923076923076923,Low
SCHWEIZER SGS 2-32,13,13,2.0,2.0,4.0,15.0,SCHWEIZER,SGS 2-32,0.15384615384615385,Low
TAYLORCRAFT BC-65,13,13,5.0,5.0,4.0,9.0,TAYLORCRAFT,BC-65,0.38461538461538464,Low
TAYLORCRAFT BC12-65,13,13,3.0,3.0,2.0,12.0,TAYLORCRAFT,BC12-65,0.23076923076923078,Low
CZECH AIRCRAFT WORKS SPOL SRO SPORTCRUISER,13,13,1.0,1.0,1.0,10.0,CZECH AIRCRAFT WORKS SPOL SRO,SPORTCRUISER,0.07692307692307693,Low
AMERICAN LEGEND AIRCRAFT CO AL3,13,13,0.0,0.0,2.0,15.0,AMERICAN LEGEND AIRCRAFT CO,AL3,0.0,Low
PIPER PA 22-150,13,13,4.0,4.0,4.0,13.0,PIPER,PA 22-150,0.3076923076923077,Low
CESSNA TU206,13,13,7.0,7.0,3.0,20.0,CESSNA,TU206,0.5384615384615384,Low
SIKORSKY S-76A,13,12,2.0,2.0,17.0,29.0,SIKORSKY,S-76A,0.16666666666666666,Low
CHAMPION 7GC,13,13,0.0,0.0,0.0,19.0,CHAMPION,7GC,0.0,Low
BELLANCA 14-13-2,13,13,1.0,1.0,6.0,13.0,BELLANCA,14-13-2,0.07692307692307693,Low
BEECH 33,13,13,5.0,5.0,6.0,15.0,BEECH,33,0.38461538461538464,Low
CESSNA 210F,13,13,3.0,3.0,8.0,11.0,CESSNA,210F,0.23076923076923078,Low
CESSNA T210R,13,11,6.0,6.0,9.0,12.0,CESSNA,T210R,0.5454545454545454,Low
GRUMMAN AA-1C,13,13,1.0,1.0,4.0,17.0,GRUMMAN,AA-1C,0.07692307692307693,Low
PIPER PA46-500TP,13,13,11.0,11.0,0.0,24.0,PIPER,PA46-500TP,0.8461538461538461,Low
CESSNA 421A,13,13,19.0,19.0,4.0,19.0,CESSNA,421A,1.4615384615384615,Medium
AVIAT AIRCRAFT INC A-1C-180,13,13,1.0,1.0,2.0,12.0,AVIAT AIRCRAFT INC,A-1C-180,0.07692307692307693,Low
MAULE M7,12,12,1.0,1.0,1.0,11.0,MAULE,M7,0.08333333333333333,Low
CESSNA 210C,12,12,3.0,3.0,3.0,14.0,CESSNA,210C,0.25,Low
BELLANCA 14-19-3A,12,12,14.0,14.0,1.0,7.0,BELLANCA,14-19-3A,1.1666666666666667,Medium
CESSNA 310F,12,12,4.0,4.0,5.0,13.0,CESSNA,310F,0.3333333333333333,Low
CESSNA 310G,12,12,11.0,11.0,3.0,11.0,CESSNA,310G,0.9166666666666666,Low
EIPPER QUICKSILVER MX,12,12,7.0,7.0,0.0,0.0,EIPPER,QUICKSILVER MX,0.5833333333333334,Low
PIPER PA-28-140B,12,12,0.0,0.0,10.0,13.0,PIPER,PA-28-140B,0.0,Low
BEECH B-19,12,12,1.0,1.0,2.0,14.0,BEECH,B-19,0.08333333333333333,Low
BEECH A45,12,12,11.0,11.0,2.0,4.0,BEECH,A45,0.9166666666666666,Low
CIRRUS DESIGN CORP. SR20,12,10,10.0,10.0,1.0,10.0,CIRRUS DESIGN CORP.,SR20,1.0,Medium
BEECH B100,12,11,11.0,11.0,0.0,20.0,BEECH,B100,1.0,Medium
ERCOUPE (ENG & RESEARCH CORP.) 415-D,12,12,5.0,5.0,7.0,5.0,ERCOUPE (ENG & RESEARCH CORP.),415-D,0.4166666666666667,Low
BEECH A60,12,11,18.0,18.0,0.0,10.0,BEECH,A60,1.6363636363636365,Medium
HELIO H-250,12,12,2.0,2.0,2.0,25.0,HELIO,H-250,0.16666666666666666,Low
GRUMMAN AA1B,12,12,2.0,2.0,8.0,9.0,GRUMMAN,AA1B,0.16666666666666666,Low
PIPER PA-601P,12,11,13.0,13.0,1.0,10.0,PIPER,PA-601P,1.1818181818181819,Medium
CESSNA A188B,12,12,1.0,1.0,0.0,11.0,CESSNA,A188B,0.08333333333333333,Low
CESSNA 650,12,10,0.0,0.0,0.0,191.0,CESSNA,650,0.0,Low
BEECH D18S,12,12,11.0,11.0,4.0,14.0,BEECH,D18S,0.9166666666666666,Low
PIPER PA 32-300,12,12,3.0,3.0,1.0,21.0,PIPER,PA 32-300,0.25,Low
BEECH F-33A,12,12,7.0,7.0,7.0,9.0,BEECH,F-33A,0.5833333333333334,Low
ENSTROM 280FX,12,12,4.0,4.0,1.0,14.0,ENSTROM,280FX,0.3333333333333333,Low
AERO COMMANDER 200D,12,12,2.0,2.0,2.0,9.0,AERO COMMANDER,200D,0.16666666666666666,Low
HUGHES 369E,12,12,0.0,0.0,6.0,20.0,HUGHES,369E,0.0,Low
PIPER PA-17,12,12,2.0,2.0,0.0,15.0,PIPER,PA-17,0.16666666666666666,Low
VANS RV4,12,12,5.0,5.0,4.0,5.0,VANS,RV4,0.4166666666666667,Low
CESSNA 320D,12,12,31.0,31.0,0.0,4.0,CESSNA,320D,2.5833333333333335,High
PIPER PA-44-180T,12,12,3.0,3.0,3.0,23.0,PIPER,PA-44-180T,0.25,Low
CESSNA 320E,12,12,12.0,12.0,5.0,4.0,CESSNA,320E,1.0,Medium
PIPER PA-22-20,11,11,2.0,2.0,5.0,10.0,PIPER,PA-22-20,0.18181818181818182,Low
VANS RV8,11,11,4.0,4.0,2.0,8.0,VANS,RV8,0.36363636363636365,Low
BOEING STEARMAN A75N1,11,11,2.0,2.0,3.0,16.0,BOEING STEARMAN,A75N1,0.18181818181818182,Low
DIAMOND AIRCRAFT IND INC DA 20 C1,11,11,0.0,0.0,0.0,16.0,DIAMOND AIRCRAFT IND INC,DA 20 C1,0.0,Low
AMERICAN AVIATION CORP. (AAC) AA-1A,11,11,5.0,5.0,5.0,6.0,AMERICAN AVIATION CORP. (AAC),AA-1A,0.45454545454545453,Low
NAVION G,11,11,7.0,7.0,4.0,3.0,NAVION,G,0.6363636363636364,Low
BEECH B95,11,11,12.0,12.0,1.0,10.0,BEECH,B95,1.0909090909090908,Medium
BEECH B60,11,10,11.0,11.0,0.0,12.0,BEECH,B60,1.1,Medium
SCHWEIZER 2-33A,11,11,0.0,0.0,2.0,10.0,SCHWEIZER,2-33A,0.0,Low
BRANTLY B-2B,11,11,4.0,4.0,3.0,7.0,BRANTLY,B-2B,0.36363636363636365,Low
CESSNA 320C,11,11,12.0,12.0,0.0,17.0,CESSNA,320C,1.0909090909090908,Medium
CESSNA T210G,11,11,9.0,9.0,6.0,9.0,CESSNA,T210G,0.8181818181818182,Low
SWEARINGEN SA-226T,11,11,1.0,1.0,1.0,35.0,SWEARINGEN,SA-226T,0.09090909090909091,Low
FLIGHT DESIGN CTLS,11,10,1.0,1.0,3.0,9.0,FLIGHT DESIGN,CTLS,0.1,Low
BLANIK L-13,11,11,1.0,1.0,5.0,10.0,BLANIK,L-13,0.09090909090909091,Low
MCDONNELL DOUGLAS 369E,11,11,4.0,4.0,6.0,7.0,MCDONNELL DOUGLAS,369E,0.36363636363636365,Low
AVIAT A-1A,11,10,1.0,1.0,2.0,11.0,AVIAT,A-1A,0.1,Low
CHRISTEN INDUSTRIES A-1,11,11,1.0,1.0,0.0,13.0,CHRISTEN INDUSTRIES,A-1,0.09090909090909091,Low
CESSNA C172,11,11,0.0,0.0,4.0,15.0,CESSNA,C172,0.0,Low
PITTS S2B,11,11,2.0,2.0,1.0,11.0,PITTS,S2B,0.18181818181818182,Low
CHRISTEN INDUSTRIES PITTS S-2B,11,11,8.0,8.0,0.0,12.0,CHRISTEN INDUSTRIES,PITTS S-2B,0.7272727272727273,Low
BRANTLY HELICOPTER B-2,11,11,3.0,3.0,4.0,10.0,BRANTLY HELICOPTER,B-2,0.2727272727272727,Low
CESSNA 337D,11,10,6.0,6.0,1.0,19.0,CESSNA,337D,0.6,Low
BOEING E75N1,11,11,2.0,2.0,4.0,13.0,BOEING,E75N1,0.18181818181818182,Low
CESSNA 337B,11,10,3.0,3.0,1.0,14.0,CESSNA,337B,0.3,Low
MOONEY M20G,11,11,2.0,2.0,7.0,8.0,MOONEY,M20G,0.18181818181818182,Low
CESSNA 310H,11,11,21.0,21.0,2.0,5.0,CESSNA,310H,1.9090909090909092,Medium
PIPER PA-30B,11,11,5.0,5.0,1.0,13.0,PIPER,PA-30B,0.45454545454545453,Low
SCHWEIZER SGS 1-26B,11,11,3.0,3.0,1.0,6.0,SCHWEIZER,SGS 1-26B,0.2727272727272727,Low
ENSTROM F28C,11,10,4.0,4.0,3.0,4.0,ENSTROM,F28C,0.4,Low
RAVEN S-60A,11,11,1.0,1.0,8.0,22.0,RAVEN,S-60A,0.09090909090909091,Low
DIAMOND AIRCRAFT INDUSTRIES DA 20-A1,11,11,0.0,0.0,7.0,9.0,DIAMOND AIRCRAFT INDUSTRIES,DA 20-A1,0.0,Low
QUICKIE Q2,11,11,1.0,1.0,2.0,7.0,QUICKIE,Q2,0.09090909090909091,Low
SOCATA TB-20,11,11,6.0,6.0,5.0,8.0,SOCATA,TB-20,0.5454545454545454,Low
SCHLEICHER ASK-21,11,11,4.0,4.0,2.0,14.0,SCHLEICHER,ASK-21,0.36363636363636365,Low
NORTH AMERICAN AT-6G,11,11,0.0,0.0,3.0,15.0,NORTH AMERICAN,AT-6G,0.0,Low
PIPER PA28-161,11,11,10.0,10.0,2.0,10.0,PIPER,PA28-161,0.9090909090909091,Low
ROBINSON R-22A,11,11,1.0,1.0,1.0,13.0,ROBINSON,R-22A,0.09090909090909091,Low
CZECH SPORT AIRCRAFT AS PIPER SPORT,11,11,4.0,4.0,3.0,7.0,CZECH SPORT AIRCRAFT AS,PIPER SPORT,0.36363636363636365,Low
PIPER PA32-300,10,10,9.0,9.0,3.0,9.0,PIPER,PA32-300,0.9,Low
VANS AIRCRAFT INC RV-12,10,10,4.0,4.0,0.0,7.0,VANS AIRCRAFT INC,RV-12,0.4,Low
AVIAT PITTS S-2B,10,10,3.0,3.0,1.0,12.0,AVIAT,PITTS S-2B,0.3,Low
AERO COMMANDER 500,10,10,4.0,4.0,1.0,13.0,AERO COMMANDER,500,0.4,Low
CESSNA 401A,10,10,8.0,8.0,4.0,16.0,CESSNA,401A,0.8,Low
VANS RV 6,10,10,2.0,2.0,2.0,8.0,VANS,RV 6,0.2,Low
PIPER PA-18-105,10,10,0.0,0.0,0.0,14.0,PIPER,PA-18-105,0.0,Low
CIRRUS SR-22,10,10,15.0,15.0,0.0,6.0,CIRRUS,SR-22,1.5,Medium
PIPER PA-18A 150,10,10,0.0,0.0,0.0,14.0,PIPER,PA-18A 150,0.0,Low
MAULE MX-7-180,10,10,0.0,0.0,2.0,14.0,MAULE,MX-7-180,0.0,Low
BEECH E33,10,10,5.0,5.0,1.0,15.0,BEECH,E33,0.5,Low
MAULE M-7-235B,10,10,0.0,0.0,1.0,18.0,MAULE,M-7-235B,0.0,Low
PIPER PA-22/20,10,10,0.0,0.0,0.0,13.0,PIPER,PA-22/20,0.0,Low
ARTIC AIRCRAFT CORP. S-1B2,10,10,4.0,4.0,0.0,10.0,ARTIC AIRCRAFT CORP.,S-1B2,0.4,Low
BELL 206B3,10,10,0.0,0.0,5.0,19.0,BELL,206B3,0.0,Low
HOWARD AIRCRAFT CORP. DGA-15P,10,10,0.0,0.0,0.0,23.0,HOWARD AIRCRAFT CORP.,DGA-15P,0.0,Low
AERONCA O-58B,10,10,4.0,4.0,2.0,3.0,AERONCA,O-58B,0.4,Low
PIPER PA-28-200,10,10,6.0,6.0,8.0,8.0,PIPER,PA-28-200,0.6,Low
CESSNA 210J,10,10,2.0,2.0,4.0,8.0,CESSNA,210J,0.2,Low
CESSNA 210H,10,10,13.0,13.0,2.0,6.0,CESSNA,210H,1.3,Medium
SMITH AEROSTAR 601P,10,10,8.0,8.0,1.0,6.0,SMITH,AEROSTAR 601P,0.8,Low
PIPER PA30,10,10,7.0,7.0,1.0,9.0,PIPER,PA30,0.7,Low
CESSNA 525A,10,10,4.0,4.0,3.0,33.0,CESSNA,525A,0.4,Low
BELLANCA 14-13,10,10,1.0,1.0,3.0,10.0,BELLANCA,14-13,0.1,Low
BEECH 95B55,10,10,11.0,11.0,1.0,6.0,BEECH,95B55,1.1,Medium
CESSNA P206B,10,10,10.0,10.0,9.0,13.0,CESSNA,P206B,1.0,Medium
PIPER PA22-150,10,10,4.0,4.0,8.0,10.0,PIPER,PA22-150,0.4,Low
MITSUBISHI MU-2B-40,10,10,10.0,10.0,4.0,15.0,MITSUBISHI,MU-2B-40,1.0,Medium
RAVEN S55A,10,10,0.0,0.0,6.0,13.0,RAVEN,S55A,0.0,Low
ERCOUPE (ENG & RESEARCH CORP.) 415-CD,10,10,4.0,4.0,0.0,8.0,ERCOUPE (ENG & RESEARCH CORP.),415-CD,0.4,Low
PIPER PA24-250,10,10,1.0,1.0,2.0,11.0,PIPER,PA24-250,0.1,Low
CESSNA T210H,10,10,0.0,0.0,7.0,16.0,CESSNA,T210H,0.0,Low
CESSNA T210J,10,10,7.0,7.0,4.0,5.0,CESSNA,T210J,0.7,Low
MOONEY AIRPLANE CO INC M20TN,10,10,1.0,1.0,2.0,8.0,MOONEY AIRPLANE CO INC,M20TN,0.1,Low
NAVAL AIRCRAFT FACTORY N3N-3,10,10,2.0,2.0,2.0,11.0,NAVAL AIRCRAFT FACTORY,N3N-3,0.2,Low
PIPER PA28-181,10,10,6.0,6.0,3.0,13.0,PIPER,PA28-181,0.6,Low
GRUMMAN AA-1,10,10,5.0,5.0,3.0,5.0,GRUMMAN,AA-1,0.5,Low
MOONEY M-20F,10,10,2.0,2.0,5.0,19.0,MOONEY,M-20F,0.2,Low
BEECH BE-77,10,10,1.0,1.0,5.0,9.0,BEECH,BE-77,0.1,Low
PIPER PA 16,10,10,0.0,0.0,0.0,12.0,PIPER,PA 16,0.0,Low
BEECH C-45H,10,10,0.0,0.0,4.0,24.0,BEECH,C-45H,0.0,Low
ENSTROM F28A,10,10,0.0,0.0,2.0,13.0,ENSTROM,F28A,0.0,Low
PIPER PA 18-135,10,10,0.0,0.0,1.0,11.0,PIPER,PA 18-135,0.0,Low
PILATUS PC-12/45,10,10,27.0,27.0,2.0,25.0,PILATUS,PC-12/45,2.7,High
GULFSTREAM AMERICAN AA-5A,10,10,9.0,9.0,5.0,5.0,GULFSTREAM AMERICAN,AA-5A,0.9,Low
PITTS S-2A,10,10,3.0,3.0,3.0,12.0,PITTS,S-2A,0.3,Low
PIPER PA-39,10,10,4.0,4.0,1.0,13.0,PIPER,PA-39,0.4,Low
MAULE MXT-7-180A,10,10,2.0,2.0,1.0,12.0,MAULE,MXT-7-180A,0.2,Low
